Harry Potter and the Chamber of Secrets by J.K. Rowling | Goodreads, coverImage
Harry Potter and the Chamber of Secrets by J.K. Rowling | Goodreads, Genre List
Harry Potter and the Chamber of Secrets by J.K. Rowling | Goodreads, Genre List
Harry Potter and the Half-Blood Prince by J.K. Rowling | Goodreads, coverImage
Harry Potter and the Half-Blood Prince by J.K. Rowling | Goodreads, Genre List
Bryson's Dictionary of Troublesome Words: A Writer's Guide to Getting It Right by Bill Bryson | Goodreads, coverImage
Bryson's Dictionary of Troublesome Words: A Writer's Guide to Getting It Right by Bill Bryson | Goodreads, Genre List
In a Sunburned Country by Bill Bryson | Goodreads, coverImage
In a Sunburned Country by Bill Bryson | Goodreads, Genre List
Unauthorized Harry Potter Book Seven News: "Half-Blood Prince" Analysis and Speculation by W. Frederick Zimmerman | Goodreads, coverImage
Unauthorized Harry Potter Book Seven News: "Half-Blood Prince" Analysis and Speculation by W. Frederick Zimmerman | Goodreads, Genre List
Unauthorized Harry Potter Book Seven News: "Half-Blood Prince" Analysis and Speculation by W. Frederick Zimmerman | Goodreads, Genre List
Harry Potter and the Prisoner of Azkaban by J.K. Rowling | Goodreads, coverImage
Harry Potter and the Prisoner of Azkaban by J.K. Rowling | Goodreads, Genre List
Harry Potter and the Prisoner of Azkaban by J.K. Rowling | Goodreads, Genre List
The Hitchhiker's Guide to the Galaxy by Douglas Adams | Goodreads, coverImage
The Hitchhiker's Guide to the Galaxy by Douglas Adams | Goodreads, Genre List
The Hitchhiker's Guide to the Galaxy by Douglas Adams | Goodreads, Genre List
Harry Potter and the Chamber of Secrets by J.K. Rowling | Goodreads, coverImage
Harry Potter and the Chamber of Secrets by J.K. Rowling | Goodreads, Genre List
Harry Potter and the Chamber of Secrets by J.K. Rowling | Goodreads, Genre List
A Short History of Nearly Everything by Bill Bryson | Goodreads, coverImage
A Short History of Nearly Everything by Bill Bryson | Goodreads, Genre List
A Short History of Nearly Everything by Bill Bryson | Goodreads, Genre List
Bryson's Dictionary of Troublesome Words: A Writer's Guide to Getting It Right by Bill Bryson, Description
Page not found, coverImage
Page not found, Genre List
Page not found, Genre List
The Lord of the Rings: Complete Visual Companion by Jude Fisher | Goodreads, coverImage
The Lord of the Rings: Complete Visual Companion by Jude Fisher | Goodreads, Genre List
The Lord of the Rings: Complete Visual Companion by Jude Fisher | Goodreads, Genre List
Goodreads request took too long, coverImage
Goodreads request took too long, Genre List
Goodreads request took too long, Genre List
The Known World by Edward P. Jones | Goodreads, coverImage
The Known World by Edward P. Jones | Goodreads, Genre List
The Known World by Edward P. Jones | Goodreads, Genre List
Coming Into the Country by John McPhee, Description
La Place de la Concorde Suisse by John McPhee | Goodreads, coverImage
La Place de la Concorde Suisse by John McPhee | Goodreads, Genre List
La Place de la Concorde Suisse by John McPhee | Goodreads, Genre List
Heidi by Johanna Spyri | Goodreads, coverImage
Heidi by Johanna Spyri | Goodreads, Genre List
Heidi by Johanna Spyri | Goodreads, Genre List
The Player's Handbook: The Ultimate Guide on Dating and Relationships by Heidi Fleiss | Goodreads, coverImage
The Player's Handbook: The Ultimate Guide on Dating and Relationships by Heidi Fleiss | Goodreads, Genre List
The Player's Handbook: The Ultimate Guide on Dating and Relationships by Heidi Fleiss | Goodreads, Genre List
Harry Potter and the Half-Blood Prince by J.K. Rowling | Goodreads, coverImage
Harry Potter and the Half-Blood Prince by J.K. Rowling | Goodreads, Genre List
Harry Potter and the Half-Blood Prince by J.K. Rowling | Goodreads, Genre List
The Hitchhiker's Guide to the Galaxy by Douglas Adams | Goodreads, coverImage
The Hitchhiker's Guide to the Galaxy by Douglas Adams | Goodreads, Genre List
The Hitchhiker's Guide to the Galaxy by Douglas Adams | Goodreads, Genre List
Goodreads request took too long, coverImage
Goodreads request took too long, Genre List
Goodreads request took too long, Genre List
Page not found, coverImage
Page not found, Genre List
Page not found, Genre List
The Lord of the Rings (The Lord of the Rings, #1-3) by J.R.R. Tolkien | Goodreads, coverImage
The Lord of the Rings (The Lord of the Rings, #1-3) by J.R.R. Tolkien | Goodreads, Genre List
The Lord of the Rings (The Lord of the Rings, #1-3) by J.R.R. Tolkien | Goodreads, Genre List
Molly Hatchet - 5 of the Best by Molly Hatchet | Goodreads, coverImage
Molly Hatchet - 5 of the Best by Molly Hatchet | Goodreads, Genre List
Molly Hatchet - 5 of the Best by Molly Hatchet | Goodreads, Genre List
Hatchet Jobs: Writings on Contemporary Fiction by Dale Peck | Goodreads, coverImage
Hatchet Jobs: Writings on Contemporary Fiction by Dale Peck | Goodreads, Genre List
Hatchet Jobs: Writings on Contemporary Fiction by Dale Peck | Goodreads, Genre List
Coming Into the Country by John McPhee, Description
Heidi by Johanna Spyri, Description
The Road to Dune by Frank Herbert | Goodreads, coverImage
The Road to Dune by Frank Herbert | Goodreads, Genre List
The Road to Dune by Frank Herbert | Goodreads, Genre List
Power of an Hour: Business and Life Mastery in One Hour a Week by Dave Lakhani | Goodreads, coverImage
Power of an Hour: Business and Life Mastery in One Hour a Week by Dave Lakhani | Goodreads, Genre List
Power of an Hour: Business and Life Mastery in One Hour a Week by Dave Lakhani | Goodreads, Genre List
Ruby Ann's Down Home Trailer Park Cookbook by Ruby Ann Boxcar | Goodreads, coverImage
Ruby Ann's Down Home Trailer Park Cookbook by Ruby Ann Boxcar | Goodreads, Genre List
Ruby Ann's Down Home Trailer Park Cookbook by Ruby Ann Boxcar | Goodreads, Genre List
Anna Karenina  by Leo Tolstoy | Goodreads, coverImage
Anna Karenina  by Leo Tolstoy | Goodreads, Genre List
Anna Karenina  by Leo Tolstoy | Goodreads, Genre List
Dinner with Anna Karenina by Gloria Goldreich, Description
A Wrinkle in Time: A Guide for Using "A Wrinkle in Time" in the Classroom by John Carratello | Goodreads, coverImage
A Wrinkle in Time: A Guide for Using "A Wrinkle in Time" in the Classroom by John Carratello | Goodreads, Genre List
A Wrinkle in Time: A Guide for Using "A Wrinkle in Time" in the Classroom by John Carratello | Goodreads, Genre List
Literature Circle Guide: A Wrinkle in Time by Tara MacCarthy | Goodreads, coverImage
Literature Circle Guide: A Wrinkle in Time by Tara MacCarthy | Goodreads, Genre List
Literature Circle Guide: A Wrinkle in Time by Tara MacCarthy | Goodreads, Genre List
The Burnt Orange Heresy by Charles Willeford | Goodreads, coverImage
The Burnt Orange Heresy by Charles Willeford | Goodreads, Genre List
The Burnt Orange Heresy by Charles Willeford | Goodreads, Genre List
Jesus the Son of Man by Kahlil Gibran, Description
The Broken Wings by Kahlil Gibran | Goodreads, coverImage
The Broken Wings by Kahlil Gibran | Goodreads, Genre List
The Broken Wings by Kahlil Gibran | Goodreads, Genre List
Treasure Island by Robert Louis Stevenson | Goodreads, coverImage
Treasure Island by Robert Louis Stevenson | Goodreads, Genre List
Treasure Island by Robert Louis Stevenson | Goodreads, Genre List
100 Years of Lynchings by Ralph Ginzburg, Description
On Beyond Zebra! by Dr. Seuss | Goodreads, coverImage
On Beyond Zebra! by Dr. Seuss | Goodreads, Genre List
On Beyond Zebra! by Dr. Seuss | Goodreads, Genre List
The Zebra Wall by Kevin Henkes | Goodreads, coverImage
The Zebra Wall by Kevin Henkes | Goodreads, Genre List
The Zebra Wall by Kevin Henkes | Goodreads, Genre List
Stranger in a Strange Land by Robert A. Heinlein, Description
Job: A Comedy of Justice by Robert A. Heinlein | Goodreads, coverImage
Job: A Comedy of Justice by Robert A. Heinlein | Goodreads, Genre List
Job: A Comedy of Justice by Robert A. Heinlein | Goodreads, Genre List
Cosmopolis by Don DeLillo | Goodreads, coverImage
Cosmopolis by Don DeLillo | Goodreads, Genre List
Cosmopolis by Don DeLillo | Goodreads, Genre List
The Names by Don DeLillo | Goodreads, coverImage
The Names by Don DeLillo | Goodreads, Genre List
The Names by Don DeLillo | Goodreads, Genre List
Page not found, coverImage
Page not found, Genre List
Page not found, Genre List
The Crying of Lot 49 by Thomas Pynchon, Description
Vineland by Thomas Pynchon | Goodreads, coverImage
Vineland by Thomas Pynchon | Goodreads, Genre List
Vineland by Thomas Pynchon | Goodreads, Genre List
Been Down So Long It Looks Like Up to Me by Richard Fariña, Description
The Year of Magical Thinking by Joan Didion, Description
Play It As It Lays by Joan Didion | Goodreads, coverImage
Play It As It Lays by Joan Didion | Goodreads, Genre List
Play It As It Lays by Joan Didion | Goodreads, Genre List
Ghosts (The New York Trilogy, #2) by Paul Auster, Description
The Locked Room (The New York Trilogy, #3) by Paul Auster, Description
Moon Palace by Paul Auster | Goodreads, coverImage
Moon Palace by Paul Auster | Goodreads, Genre List
Moon Palace by Paul Auster | Goodreads, Genre List
Page not found, coverImage
Page not found, Genre List
Page not found, Genre List
The Coming Economic Collapse: How You Can Thrive When Oil Costs $200 a Barrel by Stephen Leeb, Description
Nikola Tesla: A Spark of Genius by Carol Dommermuth-Costa, Description
We Were Not Like Other People by Ephraim Sevela, Description
The Zen of CSS Design: Visual Enlightenment for the Web by Dave Shea, Description
Guidebook to Zen and the Art of Motorcycle Maintenance by Ronald L. DiSanto | Goodreads, coverImage
Guidebook to Zen and the Art of Motorcycle Maintenance by Ronald L. DiSanto | Goodreads, Genre List
Guidebook to Zen and the Art of Motorcycle Maintenance by Ronald L. DiSanto | Goodreads, Genre List
Motorcycle Basics Techbook by John Harold Haynes, Description
Goodreads request took too long, coverImage
Goodreads request took too long, Genre List
Goodreads request took too long, Genre List
Digging to America by Anne Tyler | Goodreads, coverImage
Digging to America by Anne Tyler | Goodreads, Genre List
Digging to America by Anne Tyler | Goodreads, Genre List
Crónica de una muerte anunciada by Gabriel García Márquez, Description
Del amor y otros demonios by Gabriel García Márquez | Goodreads, coverImage
Del amor y otros demonios by Gabriel García Márquez | Goodreads, Genre List
Del amor y otros demonios by Gabriel García Márquez | Goodreads, Genre List
Pure and Simple: The Extraordinary Teachings of a Thai Buddhist Laywoman by Upasika Kee Nanayon | Goodreads, coverImage
Pure and Simple: The Extraordinary Teachings of a Thai Buddhist Laywoman by Upasika Kee Nanayon | Goodreads, Genre List
Pure and Simple: The Extraordinary Teachings of a Thai Buddhist Laywoman by Upasika Kee Nanayon | Goodreads, Genre List
The Mini Rough Guide to London by Rob Humphreys | Goodreads, coverImage
The Mini Rough Guide to London by Rob Humphreys | Goodreads, Genre List
The Mini Rough Guide to London by Rob Humphreys | Goodreads, Genre List
Best of London by Lonely Planet, Description
The Cobweb by Neal Stephenson | Goodreads, coverImage
The Cobweb by Neal Stephenson | Goodreads, Genre List
The Cobweb by Neal Stephenson | Goodreads, Genre List
Odalisque (The Baroque Cycle, Vol. 1, Book 3) by Neal Stephenson, Description
The Last Days of Pompeii by Edward Bulwer-Lytton, Description
Memoirs of a Geisha: A Portrait of the Film by David        James | Goodreads, coverImage
Memoirs of a Geisha: A Portrait of the Film by David        James | Goodreads, Genre List
Memoirs of a Geisha: A Portrait of the Film by David        James | Goodreads, Genre List
Page not found, coverImage
Page not found, Genre List
Page not found, Genre List
The Da Vinci Code (Robert Langdon, #2) by Dan Brown | Goodreads, coverImage
The Da Vinci Code (Robert Langdon, #2) by Dan Brown | Goodreads, Genre List
The Da Vinci Code (Robert Langdon, #2) by Dan Brown | Goodreads, Genre List
The Warren Buffett Way by Robert G. Hagstrom | Goodreads, coverImage
The Warren Buffett Way by Robert G. Hagstrom | Goodreads, Genre List
The Warren Buffett Way by Robert G. Hagstrom | Goodreads, Genre List
The Warren Buffett CEO: Secrets from the Berkshire Hathaway Managers by Robert P. Miles | Goodreads, coverImage
The Warren Buffett CEO: Secrets from the Berkshire Hathaway Managers by Robert P. Miles | Goodreads, Genre List
The Warren Buffett CEO: Secrets from the Berkshire Hathaway Managers by Robert P. Miles | Goodreads, Genre List
Monkey Business: True Story of the Scopes Trial by Marvin N. Olasky | Goodreads, coverImage
Monkey Business: True Story of the Scopes Trial by Marvin N. Olasky | Goodreads, Genre List
Monkey Business: True Story of the Scopes Trial by Marvin N. Olasky | Goodreads, Genre List
Junie B. Jones and a Little Monkey Business by Barbara Park | Goodreads, coverImage
Junie B. Jones and a Little Monkey Business by Barbara Park | Goodreads, Genre List
Junie B. Jones and a Little Monkey Business by Barbara Park | Goodreads, Genre List
Goodreads request took too long, coverImage
Goodreads request took too long, Genre List
Goodreads request took too long, Genre List
Everyday Pasta by Giada De Laurentiis, Description
Life of Pi by Yann Martel | Goodreads, coverImage
Life of Pi by Yann Martel | Goodreads, Genre List
Life of Pi by Yann Martel | Goodreads, Genre List
Leadership in Organizations by Gary A. Yukl, Description
How to Succeed with Women by Ron  Louis | Goodreads, coverImage
How to Succeed with Women by Ron  Louis | Goodreads, Genre List
How to Succeed with Women by Ron  Louis | Goodreads, Genre List
Juiced Official Strategy Guide by Doug W. | Goodreads, coverImage
Juiced Official Strategy Guide by Doug W. | Goodreads, Genre List
Juiced Official Strategy Guide by Doug W. | Goodreads, Genre List
The Gate of Fire (Oath of Empire #2) by Thomas Harlan, Description
The War of Art: Winning the Inner Creative Battle by Steven Pressfield, Description
Page not found, coverImage
Page not found, Genre List
Page not found, Genre List
Page not found, coverImage
Page not found, Genre List
Page not found, Genre List
Iliad by Homer | Goodreads, coverImage
Iliad by Homer | Goodreads, Genre List
Iliad by Homer | Goodreads, Genre List
Page not found, coverImage
Page not found, Genre List
Page not found, Genre List
The Odyssey by Homer | Goodreads, coverImage
The Odyssey by Homer | Goodreads, Genre List
The Odyssey by Homer | Goodreads, Genre List
Aeneid: Selections from Books 1, 2, 4, 6, 10, 12 by Virgil, Description
Page not found, coverImage
Page not found, Genre List
Page not found, Genre List
Paul Kirk's Championship Barbecue Sauces: 175 Make-Your-Own Sauces, Marinades, Dry Rubs, Wet Rubs, Mops and Salsas by Paul  Kirk | Goodreads, coverImage
Paul Kirk's Championship Barbecue Sauces: 175 Make-Your-Own Sauces, Marinades, Dry Rubs, Wet Rubs, Mops and Salsas by Paul  Kirk | Goodreads, Genre List
Paul Kirk's Championship Barbecue Sauces: 175 Make-Your-Own Sauces, Marinades, Dry Rubs, Wet Rubs, Mops and Salsas by Paul  Kirk | Goodreads, Genre List
The Compleat Works of Wllm Shkspr by Adam Long, Description
By the River Piedra I Sat Down and Wept by Paulo Coelho | Goodreads, coverImage
By the River Piedra I Sat Down and Wept by Paulo Coelho | Goodreads, Genre List
By the River Piedra I Sat Down and Wept by Paulo Coelho | Goodreads, Genre List
On Justice, Power and Human Nature: Selections from The History of the Peloponnesian War by Thucydides | Goodreads, coverImage
On Justice, Power and Human Nature: Selections from The History of the Peloponnesian War by Thucydides | Goodreads, Genre List
On Justice, Power and Human Nature: Selections from The History of the Peloponnesian War by Thucydides | Goodreads, Genre List
Thucydides, Book 6 Commentary by Cynthia W. Shelmerdine, Description
Thucydides, Book 6 Commentary by Cynthia W. Shelmerdine, coverImage
Euripides V: Electra / The Phoenician Women / The Bacchae by Euripides, Description
Euripides IV: Rhesus / The Suppliant Women / Orestes / Iphigenia in Aulis by Euripides, Description
Grief Lessons: Four Plays by Euripides by Anne Carson, Description
Page not found, coverImage
Page not found, Genre List
Page not found, Genre List
The Bacchae and Other Plays by Euripides, Description
Page not found, coverImage
Page not found, Genre List
Page not found, Genre List
Page not found, coverImage
Page not found, Genre List
Page not found, Genre List
Euripides: Medea by William Allan | Goodreads, coverImage
Euripides: Medea by William Allan | Goodreads, Genre List
Euripides: Medea by William Allan | Goodreads, Genre List
Page not found, coverImage
Page not found, Genre List
Page not found, Genre List
Page not found, coverImage
Page not found, Genre List
Page not found, Genre List
Aeschylus, 1: The Oresteia: Agamemnon/The Libation Bearers/The Eumenides by Aeschylus, Description
Aeschylus 2: The Persians/Seven Against Thebes/The Suppliants/Prometheus Bound by Aeschylus | Goodreads, coverImage
Aeschylus 2: The Persians/Seven Against Thebes/The Suppliants/Prometheus Bound by Aeschylus | Goodreads, Genre List
Aeschylus 2: The Persians/Seven Against Thebes/The Suppliants/Prometheus Bound by Aeschylus | Goodreads, Genre List
The Oresteia Trilogy: Agamemnon/The Libation-Bearers/The Furies by Aeschylus | Goodreads, coverImage
The Oresteia Trilogy: Agamemnon/The Libation-Bearers/The Furies by Aeschylus | Goodreads, Genre List
The Oresteia Trilogy: Agamemnon/The Libation-Bearers/The Furies by Aeschylus | Goodreads, Genre List
Page not found, coverImage
Page not found, Genre List
Page not found, Genre List
The Oedipus Cycle: Oedipus Rex, Oedipus at Colonus, Antigone by Sophocles, Description
Page not found, coverImage
Page not found, Genre List
Page not found, Genre List
Clouds by Aristophanes, Description
Page not found, coverImage
Page not found, Genre List
Page not found, Genre List
Page not found, coverImage
Page not found, Genre List
Page not found, Genre List
Aristophanes and Athens: An Introduction to the Plays by Douglas M. MacDowell | Goodreads, coverImage
Aristophanes and Athens: An Introduction to the Plays by Douglas M. MacDowell | Goodreads, Genre List
Aristophanes and Athens: An Introduction to the Plays by Douglas M. MacDowell | Goodreads, Genre List
Page not found, coverImage
Page not found, Genre List
Page not found, Genre List
Genres in Dialogue: Plato and the Construct of Philosophy by Andrea Wilson Nightingale | Goodreads, coverImage
Genres in Dialogue: Plato and the Construct of Philosophy by Andrea Wilson Nightingale | Goodreads, Genre List
Genres in Dialogue: Plato and the Construct of Philosophy by Andrea Wilson Nightingale | Goodreads, Genre List
The Night Gardener by George Pelecanos | Goodreads, coverImage
The Night Gardener by George Pelecanos | Goodreads, Genre List
The Night Gardener by George Pelecanos | Goodreads, Genre List
Respiración artificial by Ricardo Piglia | Goodreads, coverImage
Respiración artificial by Ricardo Piglia | Goodreads, Genre List
Respiración artificial by Ricardo Piglia | Goodreads, Genre List
Augustine of Hippo: A Biography by Peter R.L. Brown | Goodreads, coverImage
Augustine of Hippo: A Biography by Peter R.L. Brown | Goodreads, Genre List
Augustine of Hippo: A Biography by Peter R.L. Brown | Goodreads, Genre List
On Christian Doctrine by Augustine of Hippo, Description
Page not found, coverImage
Page not found, Genre List
Page not found, Genre List
Confesiones de un chef by Anthony Bourdain, Description
Metamorphoses by Ovid | Goodreads, coverImage
Metamorphoses by Ovid | Goodreads, Genre List
Metamorphoses by Ovid | Goodreads, Genre List
Metamorphoses by Ovid | Goodreads, coverImage
Metamorphoses by Ovid | Goodreads, Genre List
Metamorphoses by Ovid | Goodreads, Genre List
Practice! Practice!: A Latin Via Ovid Workbook by Norma Goldman, Description
The History of Sexuality, Vol. I: An Introduction by Michel Foucault, Description
The Making of Pride and Prejudice by Sue Birtwistle | Goodreads, coverImage
The Making of Pride and Prejudice by Sue Birtwistle | Goodreads, Genre List
The Making of Pride and Prejudice by Sue Birtwistle | Goodreads, Genre List
La Tierra es plana: Breve historia del mundo globalizado del siglo XXI by Thomas L. Friedman | Goodreads, coverImage
La Tierra es plana: Breve historia del mundo globalizado del siglo XXI by Thomas L. Friedman | Goodreads, Genre List
La Tierra es plana: Breve historia del mundo globalizado del siglo XXI by Thomas L. Friedman | Goodreads, Genre List
Avalanche by Arthur J. Roth, Description
Little Women by Louisa May Alcott, Description
A Tale of Two Cities by Charles Dickens | Goodreads, coverImage
A Tale of Two Cities by Charles Dickens | Goodreads, Genre List
A Tale of Two Cities by Charles Dickens | Goodreads, Genre List
Den of Thieves (Cat Royal, #3) by Julia Golding, Description
David Copperfield by Charles Dickens | Goodreads, coverImage
David Copperfield by Charles Dickens | Goodreads, Genre List
David Copperfield by Charles Dickens | Goodreads, Genre List
Charles Dickens by Jane Smiley | Goodreads, coverImage
Charles Dickens by Jane Smiley | Goodreads, Genre List
Charles Dickens by Jane Smiley | Goodreads, Genre List
Martin Chuzzlewit by Charles Dickens | Goodreads, coverImage
Martin Chuzzlewit by Charles Dickens | Goodreads, Genre List
Martin Chuzzlewit by Charles Dickens | Goodreads, Genre List
Page not found, coverImage
Page not found, Genre List
Page not found, Genre List
Page not found, coverImage
Page not found, Genre List
Page not found, Genre List
Harry Potter and the Half-Blood Prince by J.K. Rowling | Goodreads, coverImage
Harry Potter and the Half-Blood Prince by J.K. Rowling | Goodreads, Genre List
Harry Potter and the Half-Blood Prince by J.K. Rowling | Goodreads, Genre List
Comoediae 1: Acharenses/Equites/Nubes/Vespae/Pax/Aves by Aristophanes, Description
The Simple Art of Murder by Raymond Chandler | Goodreads, coverImage
The Simple Art of Murder by Raymond Chandler | Goodreads, Genre List
The Simple Art of Murder by Raymond Chandler | Goodreads, Genre List
Elbow Room: The Varieties of Free Will Worth Wanting by Daniel C. Dennett | Goodreads, coverImage
Elbow Room: The Varieties of Free Will Worth Wanting by Daniel C. Dennett | Goodreads, Genre List
Elbow Room: The Varieties of Free Will Worth Wanting by Daniel C. Dennett | Goodreads, Genre List
God Created the Integers: The Mathematical Breakthroughs That Changed History by Stephen Hawking, Description
The Future of Spacetime by Stephen Hawking | Goodreads, coverImage
The Future of Spacetime by Stephen Hawking | Goodreads, Genre List
The Future of Spacetime by Stephen Hawking | Goodreads, Genre List
The World Treasury of Physics, Astronomy & Mathematics from Albert Einstein to Stephen W. Hawking & from Annie Dillard to John Updike by Timothy Ferris, Description
The 36-Hour Day: A Family Guide to Caring for Persons with Alzheimer Disease, Related Dementing Illnesses, and Memory Loss in Later Life by Nancy L. Mace | Goodreads, coverImage
The 36-Hour Day: A Family Guide to Caring for Persons with Alzheimer Disease, Related Dementing Illnesses, and Memory Loss in Later Life by Nancy L. Mace | Goodreads, Genre List
The 36-Hour Day: A Family Guide to Caring for Persons with Alzheimer Disease, Related Dementing Illnesses, and Memory Loss in Later Life by Nancy L. Mace | Goodreads, Genre List
The Complete Novels by Jane Austen, Description
The Old Man and the Sea by Ernest Hemingway | Goodreads, coverImage
The Old Man and the Sea by Ernest Hemingway | Goodreads, Genre List
The Old Man and the Sea by Ernest Hemingway | Goodreads, Genre List
The Portable John Adams by John  Adams | Goodreads, coverImage
The Portable John Adams by John  Adams | Goodreads, Genre List
The Portable John Adams by John  Adams | Goodreads, Genre List
Baby Signing For Dummies by Jennifer Watson | Goodreads, coverImage
Baby Signing For Dummies by Jennifer Watson | Goodreads, Genre List
Baby Signing For Dummies by Jennifer Watson | Goodreads, Genre List
On Death and Dying by Elisabeth Kübler-Ross | Goodreads, coverImage
On Death and Dying by Elisabeth Kübler-Ross | Goodreads, Genre List
On Death and Dying by Elisabeth Kübler-Ross | Goodreads, Genre List
The Last Dance: Encountering Death and Dying by Lynne Ann DeSpelder, Description
Daily Reflections For Highly Effective People: Living the 7 Habits of Highly Successful People Every Day by Stephen R. Covey | Goodreads, coverImage
Daily Reflections For Highly Effective People: Living the 7 Habits of Highly Successful People Every Day by Stephen R. Covey | Goodreads, Genre List
Daily Reflections For Highly Effective People: Living the 7 Habits of Highly Successful People Every Day by Stephen R. Covey | Goodreads, Genre List
Breakfast at Tiffany's: A Short Novel and Three Stories by Truman Capote, Description
Emergence: The Connected Lives of Ants, Brains, Cities, and Software by Steven Johnson | Goodreads, coverImage
Emergence: The Connected Lives of Ants, Brains, Cities, and Software by Steven Johnson | Goodreads, Genre List
Emergence: The Connected Lives of Ants, Brains, Cities, and Software by Steven Johnson | Goodreads, Genre List
Emergence: Labeled Autistic by Temple Grandin, Description
Page not found, coverImage
Page not found, Genre List
Page not found, Genre List
Page not found, coverImage
Page not found, Genre List
Page not found, Genre List
Solomon's Song (The Potato Factory, #3) by Bryce Courtenay | Goodreads, coverImage
Solomon's Song (The Potato Factory, #3) by Bryce Courtenay | Goodreads, Genre List
Solomon's Song (The Potato Factory, #3) by Bryce Courtenay | Goodreads, Genre List
An Introduction to Old Norse by E.V. Gordon, Description
Cold Counsel: Women in Old Norse Literature and Myth by Sarah M.  Anderson, Description
Brave Companions: Portraits in History by David McCullough | Goodreads, coverImage
Brave Companions: Portraits in History by David McCullough | Goodreads, Genre List
Brave Companions: Portraits in History by David McCullough | Goodreads, Genre List
The Johnstown Flood by David McCullough | Goodreads, coverImage
The Johnstown Flood by David McCullough | Goodreads, Genre List
The Johnstown Flood by David McCullough | Goodreads, Genre List
The Bone Collector's Son by Paul Yee, Description
Moby Dick: or The White Whale by Geraldine McCaughrean, Description
Moby Dick: Or, the White Whale by Geraldine McCaughrean | Goodreads, coverImage
Moby Dick: Or, the White Whale by Geraldine McCaughrean | Goodreads, Genre List
Moby Dick: Or, the White Whale by Geraldine McCaughrean | Goodreads, Genre List
Unpainted to the Last: "Moby Dick" and Twentieth-century American Art by Elizabeth A. Schultz | Goodreads, coverImage
Unpainted to the Last: "Moby Dick" and Twentieth-century American Art by Elizabeth A. Schultz | Goodreads, Genre List
Unpainted to the Last: "Moby Dick" and Twentieth-century American Art by Elizabeth A. Schultz | Goodreads, Genre List
Page not found, coverImage
Page not found, Genre List
Page not found, Genre List
Goodreads request took too long, coverImage
Goodreads request took too long, Genre List
Goodreads request took too long, Genre List
The Stone Raft by José Saramago, Description
Willem de Kooning: Late Paintings by Julie Sylvester | Goodreads, coverImage
Willem de Kooning: Late Paintings by Julie Sylvester | Goodreads, Genre List
Willem de Kooning: Late Paintings by Julie Sylvester | Goodreads, Genre List
Aké: The Years of Childhood by Wole Soyinka | Goodreads, coverImage
Aké: The Years of Childhood by Wole Soyinka | Goodreads, Genre List
Aké: The Years of Childhood by Wole Soyinka | Goodreads, Genre List
The Facilitator's Book of Questions: Tools for Looking Together at Student and Teacher Work by David  Allen, Description
Page not found, coverImage
Page not found, Genre List
Page not found, Genre List
The Canterbury Tales (original-spelling edition) by Geoffrey Chaucer | Goodreads, coverImage
The Canterbury Tales (original-spelling edition) by Geoffrey Chaucer | Goodreads, Genre List
The Canterbury Tales (original-spelling edition) by Geoffrey Chaucer | Goodreads, Genre List
Advanced Global Illumination by Philip Dutre | Goodreads, coverImage
Advanced Global Illumination by Philip Dutre | Goodreads, Genre List
Advanced Global Illumination by Philip Dutre | Goodreads, Genre List
Graphic Design: A Concise History (World of Art) by Richard Hollis | Goodreads, coverImage
Graphic Design: A Concise History (World of Art) by Richard Hollis | Goodreads, Genre List
Graphic Design: A Concise History (World of Art) by Richard Hollis | Goodreads, Genre List
A Full House: An Austin Family Christmas by Madeleine L'Engle, Description
Page not found, coverImage
Page not found, Genre List
Page not found, Genre List
Page not found, coverImage
Page not found, Genre List
Page not found, Genre List
Scholar of Decay (Ravenloft, #14) by Tanya Huff, Description
Bleach, Volume 15 by Tite Kubo, Description
Harry Potter Boxed Set, Books 1-5 by J.K. Rowling | Goodreads, coverImage
Harry Potter Boxed Set, Books 1-5 by J.K. Rowling | Goodreads, Genre List
Harry Potter Boxed Set, Books 1-5 by J.K. Rowling | Goodreads, Genre List
Harry Potter Collection (Harry Potter, #1-6) by J.K. Rowling | Goodreads, coverImage
Harry Potter Collection (Harry Potter, #1-6) by J.K. Rowling | Goodreads, Genre List
Harry Potter Collection (Harry Potter, #1-6) by J.K. Rowling | Goodreads, Genre List
The Hitchhiker's Guide to the Galaxy by Douglas Adams | Goodreads, coverImage
The Hitchhiker's Guide to the Galaxy by Douglas Adams | Goodreads, Genre List
The Hitchhiker's Guide to the Galaxy by Douglas Adams | Goodreads, Genre List
Bryson's Dictionary of Troublesome Words: A Writer's Guide to Getting It Right by Bill Bryson, Description
Page not found, coverImage
Page not found, Genre List
Page not found, Genre List
Agile Web Development with Rails: A Pragmatic Guide by Dave Thomas | Goodreads, coverImage
Agile Web Development with Rails: A Pragmatic Guide by Dave Thomas | Goodreads, Genre List
Agile Web Development with Rails: A Pragmatic Guide by Dave Thomas | Goodreads, Genre List
Hatchet: A Guide for Using "Hatchet" in the Classroom by Donna Ickes | Goodreads, coverImage
Hatchet: A Guide for Using "Hatchet" in the Classroom by Donna Ickes | Goodreads, Genre List
Hatchet: A Guide for Using "Hatchet" in the Classroom by Donna Ickes | Goodreads, Genre List
Heirs of General Practice by John McPhee | Goodreads, coverImage
Heirs of General Practice by John McPhee | Goodreads, Genre List
Heirs of General Practice by John McPhee | Goodreads, Genre List
The Control of Nature by John McPhee | Goodreads, coverImage
The Control of Nature by John McPhee | Goodreads, Genre List
The Control of Nature by John McPhee | Goodreads, Genre List
Coming Into the Country by John McPhee, Description
Heidi by Johanna Spyri, Description
Dinner with Anna Karenina by Gloria Goldreich | Goodreads, coverImage
Dinner with Anna Karenina by Gloria Goldreich | Goodreads, Genre List
Dinner with Anna Karenina by Gloria Goldreich | Goodreads, Genre List
The Untouchable by John Banville | Goodreads, coverImage
The Untouchable by John Banville | Goodreads, Genre List
The Untouchable by John Banville | Goodreads, Genre List
Dalit: The Black Untaouchables of India by V.T. Rajshekar | Goodreads, coverImage
Dalit: The Black Untaouchables of India by V.T. Rajshekar | Goodreads, Genre List
Dalit: The Black Untaouchables of India by V.T. Rajshekar | Goodreads, Genre List
Growing Up Untouchable in India: A Dalit Autobiography by Vasant Moon | Goodreads, coverImage
Growing Up Untouchable in India: A Dalit Autobiography by Vasant Moon | Goodreads, Genre List
Growing Up Untouchable in India: A Dalit Autobiography by Vasant Moon | Goodreads, Genre List
Jesus the Son of Man by Kahlil Gibran, Description
Treasure Island by Robert Louis Stevenson | Goodreads, coverImage
Treasure Island by Robert Louis Stevenson | Goodreads, Genre List
Treasure Island by Robert Louis Stevenson | Goodreads, Genre List
100 Years of Lynchings by Ralph Ginzburg, Description
Stranger in a Strange Land by Robert A. Heinlein, Description
Against the Day by Thomas Pynchon | Goodreads, coverImage
Against the Day by Thomas Pynchon | Goodreads, Genre List
Against the Day by Thomas Pynchon | Goodreads, Genre List
Page not found, coverImage
Page not found, Genre List
Page not found, Genre List
The Crying of Lot 49 by Thomas Pynchon, Description
Gravity's Rainbow by Thomas Pynchon | Goodreads, coverImage
Gravity's Rainbow by Thomas Pynchon | Goodreads, Genre List
Gravity's Rainbow by Thomas Pynchon | Goodreads, Genre List
Been Down So Long It Looks Like Up to Me by Richard Fariña | Goodreads, coverImage
Been Down So Long It Looks Like Up to Me by Richard Fariña | Goodreads, Genre List
Been Down So Long It Looks Like Up to Me by Richard Fariña | Goodreads, Genre List
The Year of Magical Thinking by Joan Didion, Description
We Tell Ourselves Stories in Order to Live: Collected Nonfiction by Joan Didion | Goodreads, coverImage
We Tell Ourselves Stories in Order to Live: Collected Nonfiction by Joan Didion | Goodreads, Genre List
We Tell Ourselves Stories in Order to Live: Collected Nonfiction by Joan Didion | Goodreads, Genre List
Ghosts (The New York Trilogy, #2) by Paul Auster | Goodreads, coverImage
Ghosts (The New York Trilogy, #2) by Paul Auster | Goodreads, Genre List
Ghosts (The New York Trilogy, #2) by Paul Auster | Goodreads, Genre List
The Locked Room (The New York Trilogy, #3) by Paul Auster, Description
Moon Palace by Paul Auster | Goodreads, coverImage
Moon Palace by Paul Auster | Goodreads, Genre List
Moon Palace by Paul Auster | Goodreads, Genre List
Page not found, coverImage
Page not found, Genre List
Page not found, Genre List
The Coming Economic Collapse: How You Can Thrive When Oil Costs $200 a Barrel by Stephen Leeb, Description
Nikola Tesla: A Spark of Genius by Carol Dommermuth-Costa, Description
We Were Not Like Other People by Ephraim Sevela, Description
The Lovely Bones by Alice Sebold | Goodreads, coverImage
The Lovely Bones by Alice Sebold | Goodreads, Genre List
The Lovely Bones by Alice Sebold | Goodreads, Genre List
The Zen of CSS Design: Visual Enlightenment for the Web by Dave Shea, Description
Goodreads request took too long, coverImage
Goodreads request took too long, Genre List
Goodreads request took too long, Genre List
Guidebook to Zen and the Art of Motorcycle Maintenance by Ronald L. DiSanto | Goodreads, coverImage
Guidebook to Zen and the Art of Motorcycle Maintenance by Ronald L. DiSanto | Goodreads, Genre List
Guidebook to Zen and the Art of Motorcycle Maintenance by Ronald L. DiSanto | Goodreads, Genre List
Motorcycle Basics Techbook by John Harold Haynes, Description
Sailing from Byzantium: How a Lost Empire Shaped the World by Colin  Wells | Goodreads, coverImage
Sailing from Byzantium: How a Lost Empire Shaped the World by Colin  Wells | Goodreads, Genre List
Sailing from Byzantium: How a Lost Empire Shaped the World by Colin  Wells | Goodreads, Genre List
Modern Latin America by Thomas E. Skidmore | Goodreads, coverImage
Modern Latin America by Thomas E. Skidmore | Goodreads, Genre List
Modern Latin America by Thomas E. Skidmore | Goodreads, Genre List
Crónica de una muerte anunciada by Gabriel García Márquez, Description
Del amor y otros demonios by Gabriel García Márquez | Goodreads, coverImage
Del amor y otros demonios by Gabriel García Márquez | Goodreads, Genre List
Del amor y otros demonios by Gabriel García Márquez | Goodreads, Genre List
Best of London by Lonely Planet, Description
Odalisque (The Baroque Cycle, Vol. 1, Book 3) by Neal Stephenson, Description
The Alchemist by Paulo Coelho | Goodreads, coverImage
The Alchemist by Paulo Coelho | Goodreads, Genre List
The Alchemist by Paulo Coelho | Goodreads, Genre List
Fullmetal Alchemist, Vol. 9 by Hiromu Arakawa | Goodreads, coverImage
Fullmetal Alchemist, Vol. 9 by Hiromu Arakawa | Goodreads, Genre List
Fullmetal Alchemist, Vol. 9 by Hiromu Arakawa | Goodreads, Genre List
Fullmetal Alchemist, Vol. 4 by Hiromu Arakawa | Goodreads, coverImage
Fullmetal Alchemist, Vol. 4 by Hiromu Arakawa | Goodreads, Genre List
Fullmetal Alchemist, Vol. 4 by Hiromu Arakawa | Goodreads, Genre List
The Last Days of Pompeii by Edward Bulwer-Lytton | Goodreads, coverImage
The Last Days of Pompeii by Edward Bulwer-Lytton | Goodreads, Genre List
The Last Days of Pompeii by Edward Bulwer-Lytton | Goodreads, Genre List
The Westing Game by Ellen Raskin | Goodreads, coverImage
The Westing Game by Ellen Raskin | Goodreads, Genre List
The Westing Game by Ellen Raskin | Goodreads, Genre List
Page not found, coverImage
Page not found, Genre List
Page not found, Genre List
Deception Point by Dan Brown | Goodreads, coverImage
Deception Point by Dan Brown | Goodreads, Genre List
Deception Point by Dan Brown | Goodreads, Genre List
The Good Earth (House of Earth, #1) by Pearl S. Buck | Goodreads, coverImage
The Good Earth (House of Earth, #1) by Pearl S. Buck | Goodreads, Genre List
The Good Earth (House of Earth, #1) by Pearl S. Buck | Goodreads, Genre List
Body for Life for Women: A Woman's Plan for Physical and Mental Transformation by Pamela Peeke | Goodreads, coverImage
Body for Life for Women: A Woman's Plan for Physical and Mental Transformation by Pamela Peeke | Goodreads, Genre List
Body for Life for Women: A Woman's Plan for Physical and Mental Transformation by Pamela Peeke | Goodreads, Genre List
Liar's Poker by Michael   Lewis | Goodreads, coverImage
Liar's Poker by Michael   Lewis | Goodreads, Genre List
Liar's Poker by Michael   Lewis | Goodreads, Genre List
Liar's Poker: A Harry Garnish Mystery by Frank McConnell | Goodreads, coverImage
Liar's Poker: A Harry Garnish Mystery by Frank McConnell | Goodreads, Genre List
Liar's Poker: A Harry Garnish Mystery by Frank McConnell | Goodreads, Genre List
Everyday Pasta by Giada De Laurentiis, Description
A Million Little Pieces of Feces by Python Bonkers | Goodreads, coverImage
A Million Little Pieces of Feces by Python Bonkers | Goodreads, Genre List
A Million Little Pieces of Feces by Python Bonkers | Goodreads, Genre List
Leadership in Organizations by Gary A. Yukl, Description
Men Are from Mars, Women Are from Venus by John  Gray | Goodreads, coverImage
Men Are from Mars, Women Are from Venus by John  Gray | Goodreads, Genre List
Men Are from Mars, Women Are from Venus by John  Gray | Goodreads, Genre List
How to Succeed with Women by Ron  Louis, Description
Gates of Fire by Steven Pressfield | Goodreads, coverImage
Gates of Fire by Steven Pressfield | Goodreads, Genre List
Gates of Fire by Steven Pressfield | Goodreads, Genre List
The Gate of Fire (Oath of Empire #2) by Thomas Harlan, Description
The War of Art: Winning the Inner Creative Battle by Steven Pressfield, Description
Goodreads request took too long, coverImage
Goodreads request took too long, Genre List
Goodreads request took too long, Genre List
Page not found, coverImage
Page not found, Genre List
Page not found, Genre List
On Love: Lysis/Symposium/Phaedrus/Alcibiades/Selections from Republic & Laws by Plato | Goodreads, coverImage
On Love: Lysis/Symposium/Phaedrus/Alcibiades/Selections from Republic & Laws by Plato | Goodreads, Genre List
On Love: Lysis/Symposium/Phaedrus/Alcibiades/Selections from Republic & Laws by Plato | Goodreads, Genre List
Page not found, coverImage
Page not found, Genre List
Page not found, Genre List
Page not found, coverImage
Page not found, Genre List
Page not found, Genre List
The Iliad by Homer | Goodreads, coverImage
The Iliad by Homer | Goodreads, Genre List
The Iliad by Homer | Goodreads, Genre List
Aeneid: Selections from Books 1, 2, 4, 6, 10, 12 by Virgil, Description
Page not found, coverImage
Page not found, Genre List
Page not found, Genre List
The Compleat Works of Wllm Shkspr by Adam Long, Description
Goodreads request took too long, coverImage
Goodreads request took too long, Genre List
Goodreads request took too long, Genre List
Hamlet's Mill: An Essay Investigating the Origins of Human Knowledge and Its Transmission Through Myth by Giorgio de Santillana | Goodreads, coverImage
Hamlet's Mill: An Essay Investigating the Origins of Human Knowledge and Its Transmission Through Myth by Giorgio de Santillana | Goodreads, Genre List
Hamlet's Mill: An Essay Investigating the Origins of Human Knowledge and Its Transmission Through Myth by Giorgio de Santillana | Goodreads, Genre List
Thucydides, Book 6 Commentary by Cynthia W. Shelmerdine | Goodreads, coverImage
Thucydides, Book 6 Commentary by Cynthia W. Shelmerdine | Goodreads, Genre List
Thucydides, Book 6 Commentary by Cynthia W. Shelmerdine | Goodreads, Genre List
Euripides V: Electra / The Phoenician Women / The Bacchae by Euripides | Goodreads, coverImage
Euripides V: Electra / The Phoenician Women / The Bacchae by Euripides | Goodreads, Genre List
Euripides V: Electra / The Phoenician Women / The Bacchae by Euripides | Goodreads, Genre List
Euripides IV: Rhesus / The Suppliant Women / Orestes / Iphigenia in Aulis by Euripides | Goodreads, coverImage
Euripides IV: Rhesus / The Suppliant Women / Orestes / Iphigenia in Aulis by Euripides | Goodreads, Genre List
Euripides IV: Rhesus / The Suppliant Women / Orestes / Iphigenia in Aulis by Euripides | Goodreads, Genre List
Grief Lessons: Four Plays by Euripides by Anne Carson | Goodreads, coverImage
Grief Lessons: Four Plays by Euripides by Anne Carson | Goodreads, Genre List
Grief Lessons: Four Plays by Euripides by Anne Carson | Goodreads, Genre List
Medea and Other Plays by Euripides | Goodreads, coverImage
Medea and Other Plays by Euripides | Goodreads, Genre List
Medea and Other Plays by Euripides | Goodreads, Genre List
Page not found, coverImage
Page not found, Genre List
Page not found, Genre List
The Bacchae and Other Plays by Euripides, Description
Plays 1: Medea/The Phoenician Women/Bacchae by Euripides | Goodreads, coverImage
Plays 1: Medea/The Phoenician Women/Bacchae by Euripides | Goodreads, Genre List
Plays 1: Medea/The Phoenician Women/Bacchae by Euripides | Goodreads, Genre List
Orestes and Other Plays by Euripides | Goodreads, coverImage
Orestes and Other Plays by Euripides | Goodreads, Genre List
Orestes and Other Plays by Euripides | Goodreads, Genre List
Page not found, coverImage
Page not found, Genre List
Page not found, Genre List
Page not found, coverImage
Page not found, Genre List
Page not found, Genre List
Page not found, coverImage
Page not found, Genre List
Page not found, Genre List
Page not found, coverImage
Page not found, Genre List
Page not found, Genre List
Aeschylus II: The Suppliant Maidens, The Persians, Seven against Thebes, and Prometheus Bound by Aeschylus | Goodreads, coverImage
Aeschylus II: The Suppliant Maidens, The Persians, Seven against Thebes, and Prometheus Bound by Aeschylus | Goodreads, Genre List
Aeschylus II: The Suppliant Maidens, The Persians, Seven against Thebes, and Prometheus Bound by Aeschylus | Goodreads, Genre List
The Oresteia by Aeschylus | Goodreads, coverImage
The Oresteia by Aeschylus | Goodreads, Genre List
The Oresteia by Aeschylus | Goodreads, Genre List
Aeschylus, 1: The Oresteia: Agamemnon/The Libation Bearers/The Eumenides by Aeschylus, Description
Aeschylus 2: The Persians/Seven Against Thebes/The Suppliants/Prometheus Bound by Aeschylus, Description
Page not found, coverImage
Page not found, Genre List
Page not found, Genre List
Sophocles II: Ajax / Women of Trachis / Electra / Philoctetes by Sophocles | Goodreads, coverImage
Sophocles II: Ajax / Women of Trachis / Electra / Philoctetes by Sophocles | Goodreads, Genre List
Sophocles II: Ajax / Women of Trachis / Electra / Philoctetes by Sophocles | Goodreads, Genre List
The Oedipus Cycle: Oedipus Rex, Oedipus at Colonus, Antigone by Sophocles, Description
Page not found, coverImage
Page not found, Genre List
Page not found, Genre List
Clouds by Aristophanes, Description
Page not found, coverImage
Page not found, Genre List
Page not found, Genre List
Page not found, coverImage
Page not found, Genre List
Page not found, Genre List
Lysistrata by Aristophanes | Goodreads, coverImage
Lysistrata by Aristophanes | Goodreads, Genre List
Lysistrata by Aristophanes | Goodreads, Genre List
Page not found, coverImage
Page not found, Genre List
Page not found, Genre List
Money to Burn by Ricardo Piglia | Goodreads, coverImage
Money to Burn by Ricardo Piglia | Goodreads, Genre List
Money to Burn by Ricardo Piglia | Goodreads, Genre List
On Christian Doctrine by Augustine of Hippo, Description
Page not found, coverImage
Page not found, Genre List
Page not found, Genre List
Confesiones de un chef by Anthony Bourdain, Description
Metamorphoses by Ovid | Goodreads, coverImage
Metamorphoses by Ovid | Goodreads, Genre List
Metamorphoses by Ovid | Goodreads, Genre List
Latin Via Ovid: A First Course by Norma Goldman | Goodreads, coverImage
Latin Via Ovid: A First Course by Norma Goldman | Goodreads, Genre List
Latin Via Ovid: A First Course by Norma Goldman | Goodreads, Genre List
Metamorphoses: Volume I, Books I-VIII by Ovid | Goodreads, coverImage
Metamorphoses: Volume I, Books I-VIII by Ovid | Goodreads, Genre List
Metamorphoses: Volume I, Books I-VIII by Ovid | Goodreads, Genre List
Practice! Practice!: A Latin Via Ovid Workbook by Norma Goldman, Description
Caught Inside: A Surfer's Year on the California Coast by Daniel Duane | Goodreads, coverImage
Caught Inside: A Surfer's Year on the California Coast by Daniel Duane | Goodreads, Genre List
Caught Inside: A Surfer's Year on the California Coast by Daniel Duane | Goodreads, Genre List
Wild at Heart: Discovering the Secret of a Man's Soul by John Eldredge | Goodreads, coverImage
Wild at Heart: Discovering the Secret of a Man's Soul by John Eldredge | Goodreads, Genre List
Wild at Heart: Discovering the Secret of a Man's Soul by John Eldredge | Goodreads, Genre List
Wild Swans: Three Daughters of China by Jung Chang | Goodreads, coverImage
Wild Swans: Three Daughters of China by Jung Chang | Goodreads, Genre List
Wild Swans: Three Daughters of China by Jung Chang | Goodreads, Genre List
The History of Sexuality, Vol. I: An Introduction by Michel Foucault, Description
The History of Sexuality, Volume 2: The Use of Pleasure by Michel Foucault | Goodreads, coverImage
The History of Sexuality, Volume 2: The Use of Pleasure by Michel Foucault | Goodreads, Genre List
The History of Sexuality, Volume 2: The Use of Pleasure by Michel Foucault | Goodreads, Genre List
Avalanche by Arthur J. Roth, Description
Little Women (Little Women, #1) by Louisa May Alcott | Goodreads, coverImage
Little Women (Little Women, #1) by Louisa May Alcott | Goodreads, Genre List
Little Women (Little Women, #1) by Louisa May Alcott | Goodreads, Genre List
Little Women by Louisa May Alcott | Goodreads, coverImage
Little Women by Louisa May Alcott | Goodreads, Genre List
Little Women by Louisa May Alcott | Goodreads, Genre List
Little Women by Louisa May Alcott, Description
A Tale of Two Cities by Charles Dickens | Goodreads, coverImage
A Tale of Two Cities by Charles Dickens | Goodreads, Genre List
A Tale of Two Cities by Charles Dickens | Goodreads, Genre List
Den of Thieves (Cat Royal, #3) by Julia Golding, Description
Charles Dickens by Jane Smiley | Goodreads, coverImage
Charles Dickens by Jane Smiley | Goodreads, Genre List
Charles Dickens by Jane Smiley | Goodreads, Genre List
Page not found, coverImage
Page not found, Genre List
Page not found, Genre List
Page not found, coverImage
Page not found, Genre List
Page not found, Genre List
Comoediae 1: Acharenses/Equites/Nubes/Vespae/Pax/Aves by Aristophanes, Description
Stories and Early Novels: Pulp Stories / The Big Sleep / Farewell, My Lovely / The High Window by Raymond Chandler | Goodreads, coverImage
Stories and Early Novels: Pulp Stories / The Big Sleep / Farewell, My Lovely / The High Window by Raymond Chandler | Goodreads, Genre List
Stories and Early Novels: Pulp Stories / The Big Sleep / Farewell, My Lovely / The High Window by Raymond Chandler | Goodreads, Genre List
The Long Goodbye: Memories of My Father by Patti   Davis | Goodreads, coverImage
The Long Goodbye: Memories of My Father by Patti   Davis | Goodreads, Genre List
The Long Goodbye: Memories of My Father by Patti   Davis | Goodreads, Genre List
God Created the Integers: The Mathematical Breakthroughs That Changed History by Stephen Hawking, Description
The World Treasury of Physics, Astronomy & Mathematics from Albert Einstein to Stephen W. Hawking & from Annie Dillard to John Updike by Timothy Ferris, Description
Specimen Days by Michael Cunningham | Goodreads, coverImage
Specimen Days by Michael Cunningham | Goodreads, Genre List
Specimen Days by Michael Cunningham | Goodreads, Genre List
The Complete Novels by Jane Austen, Description
Cliffs Notes on Hemingway's The Old Man and the Sea by Jeanne Sallade Criswell | Goodreads, coverImage
Cliffs Notes on Hemingway's The Old Man and the Sea by Jeanne Sallade Criswell | Goodreads, Genre List
Cliffs Notes on Hemingway's The Old Man and the Sea by Jeanne Sallade Criswell | Goodreads, Genre List
Baby Signing For Dummies by Jennifer Watson | Goodreads, coverImage
Baby Signing For Dummies by Jennifer Watson | Goodreads, Genre List
Baby Signing For Dummies by Jennifer Watson | Goodreads, Genre List
On Death and Dying by Elisabeth Kübler-Ross | Goodreads, coverImage
On Death and Dying by Elisabeth Kübler-Ross | Goodreads, Genre List
On Death and Dying by Elisabeth Kübler-Ross | Goodreads, Genre List
The Last Dance: Encountering Death and Dying by Lynne Ann DeSpelder, Description
Breakfast at Tiffany's: A Short Novel and Three Stories by Truman Capote, Description
Emergence: Labeled Autistic by Temple Grandin | Goodreads, coverImage
Emergence: Labeled Autistic by Temple Grandin | Goodreads, Genre List
Emergence: Labeled Autistic by Temple Grandin | Goodreads, Genre List
The Emergence of Life on Earth: A Historical and Scientific Overview by Iris Fry | Goodreads, coverImage
The Emergence of Life on Earth: A Historical and Scientific Overview by Iris Fry | Goodreads, Genre List
The Emergence of Life on Earth: A Historical and Scientific Overview by Iris Fry | Goodreads, Genre List
Page not found, coverImage
Page not found, Genre List
Page not found, Genre List
Novellas and Other Writings: Madame de Treymes / Ethan Frome / Summer / Old New York / The Mothers Recompense / A Backward Glance by Edith Wharton | Goodreads, coverImage
Novellas and Other Writings: Madame de Treymes / Ethan Frome / Summer / Old New York / The Mothers Recompense / A Backward Glance by Edith Wharton | Goodreads, Genre List
Novellas and Other Writings: Madame de Treymes / Ethan Frome / Summer / Old New York / The Mothers Recompense / A Backward Glance by Edith Wharton | Goodreads, Genre List
The House of Mirth by Edith Wharton | Goodreads, coverImage
The House of Mirth by Edith Wharton | Goodreads, Genre List
The House of Mirth by Edith Wharton | Goodreads, Genre List
Page not found, coverImage
Page not found, Genre List
Page not found, Genre List
An Introduction to Old Norse by E.V. Gordon, Description
Cold Counsel: Women in Old Norse Literature and Myth by Sarah M.  Anderson, Description
The Bone Collector's Son by Paul Yee, Description
Moby Dick: or The White Whale by Geraldine McCaughrean, Description
Moby Dick: Or, the White Whale by Geraldine McCaughrean, Description
Page not found, coverImage
Page not found, Genre List
Page not found, Genre List
The Ultimate Time Machine: A Remote Viewer's Perception of Time & Predictions for the New Millennium by Joseph McMoneagle, Description
Selected Stories of H.G. Wells by H.G. Wells | Goodreads, coverImage
Selected Stories of H.G. Wells by H.G. Wells | Goodreads, Genre List
Selected Stories of H.G. Wells by H.G. Wells | Goodreads, Genre List
The Cave by José Saramago | Goodreads, coverImage
The Cave by José Saramago | Goodreads, Genre List
The Cave by José Saramago | Goodreads, Genre List
The Stone Raft by José Saramago, Description
A Tear and a Smile by Kahlil Gibran | Goodreads, coverImage
A Tear and a Smile by Kahlil Gibran | Goodreads, Genre List
A Tear and a Smile by Kahlil Gibran | Goodreads, Genre List
On the Road by Jack Kerouac | Goodreads, coverImage
On the Road by Jack Kerouac | Goodreads, Genre List
On the Road by Jack Kerouac | Goodreads, Genre List
The Facilitator's Book of Questions: Tools for Looking Together at Student and Teacher Work by David  Allen, Description
Unleashing the Ideavirus: Stop Marketing AT People! Turn Your Ideas into Epidemics by Helping Your Customers Do the Marketing thing for You. by Seth Godin | Goodreads, coverImage
Unleashing the Ideavirus: Stop Marketing AT People! Turn Your Ideas into Epidemics by Helping Your Customers Do the Marketing thing for You. by Seth Godin | Goodreads, Genre List
Unleashing the Ideavirus: Stop Marketing AT People! Turn Your Ideas into Epidemics by Helping Your Customers Do the Marketing thing for You. by Seth Godin | Goodreads, Genre List
Page not found, coverImage
Page not found, Genre List
Page not found, Genre List
The Canterbury Tales by Geoffrey Chaucer | Goodreads, coverImage
The Canterbury Tales by Geoffrey Chaucer | Goodreads, Genre List
The Canterbury Tales by Geoffrey Chaucer | Goodreads, Genre List
A People's History of the United States: The Civil War to the Present by Howard Zinn | Goodreads, coverImage
A People's History of the United States: The Civil War to the Present by Howard Zinn | Goodreads, Genre List
A People's History of the United States: The Civil War to the Present by Howard Zinn | Goodreads, Genre List
Immigrant Acts: On Asian American Cultural Politics by Lisa Lowe | Goodreads, coverImage
Immigrant Acts: On Asian American Cultural Politics by Lisa Lowe | Goodreads, Genre List
Immigrant Acts: On Asian American Cultural Politics by Lisa Lowe | Goodreads, Genre List
The Rock That Is Higher: Story as Truth by Madeleine L'Engle | Goodreads, coverImage
The Rock That Is Higher: Story as Truth by Madeleine L'Engle | Goodreads, Genre List
The Rock That Is Higher: Story as Truth by Madeleine L'Engle | Goodreads, Genre List
The Glorious Impossible by Madeleine L'Engle | Goodreads, coverImage
The Glorious Impossible by Madeleine L'Engle | Goodreads, Genre List
The Glorious Impossible by Madeleine L'Engle | Goodreads, Genre List
A Full House: An Austin Family Christmas by Madeleine L'Engle, Description
Page not found, coverImage
Page not found, Genre List
Page not found, Genre List
Page not found, coverImage
Page not found, Genre List
Page not found, Genre List
Scholar of Decay (Ravenloft, #14) by Tanya Huff, Description
Bleach, Volume 15 by Tite Kubo | Goodreads, coverImage
Bleach, Volume 15 by Tite Kubo | Goodreads, Genre List
Bleach, Volume 15 by Tite Kubo | Goodreads, Genre List
Harry Potter and the Chamber of Secrets by J.K. Rowling | Goodreads, coverImage
Harry Potter and the Chamber of Secrets by J.K. Rowling | Goodreads, Genre List
Harry Potter and the Chamber of Secrets by J.K. Rowling | Goodreads, Genre List
Harry Potter and the Prisoner of Azkaban by J.K. Rowling | Goodreads, coverImage
Harry Potter and the Prisoner of Azkaban by J.K. Rowling | Goodreads, Genre List
Harry Potter and the Prisoner of Azkaban by J.K. Rowling | Goodreads, Genre List
Bryson's Dictionary of Troublesome Words: A Writer's Guide to Getting It Right by Bill Bryson, Description
The Lost Continent: Travels in Small Town America by Bill Bryson | Goodreads, coverImage
The Lost Continent: Travels in Small Town America by Bill Bryson | Goodreads, Genre List
The Lost Continent: Travels in Small Town America by Bill Bryson | Goodreads, Genre List
Page not found, coverImage
Page not found, Genre List
Page not found, Genre List
The Lord of the Rings (The Lord of the Rings, #1-3) by J.R.R. Tolkien | Goodreads, coverImage
The Lord of the Rings (The Lord of the Rings, #1-3) by J.R.R. Tolkien | Goodreads, Genre List
The Lord of the Rings (The Lord of the Rings, #1-3) by J.R.R. Tolkien | Goodreads, Genre List
The Lord of the Rings: Weapons and Warfare by Chris   Smith | Goodreads, coverImage
The Lord of the Rings: Weapons and Warfare by Chris   Smith | Goodreads, Genre List
The Lord of the Rings: Weapons and Warfare by Chris   Smith | Goodreads, Genre List
Hatchet (Brian's Saga, #1) by Gary Paulsen | Goodreads, coverImage
Hatchet (Brian's Saga, #1) by Gary Paulsen | Goodreads, Genre List
Hatchet (Brian's Saga, #1) by Gary Paulsen | Goodreads, Genre List
Changeling (Changeling, #1) by Delia Sherman | Goodreads, coverImage
Changeling (Changeling, #1) by Delia Sherman | Goodreads, Genre List
Changeling (Changeling, #1) by Delia Sherman | Goodreads, Genre List
The John McPhee Reader (John McPhee Reader, #1) by John McPhee | Goodreads, coverImage
The John McPhee Reader (John McPhee Reader, #1) by John McPhee | Goodreads, Genre List
The John McPhee Reader (John McPhee Reader, #1) by John McPhee | Goodreads, Genre List
Coming Into the Country by John McPhee, Description
Heidi by Johanna Spyri, Description
The Lord of the Rings: The Art of the Fellowship of the Ring by Gary Russell | Goodreads, coverImage
The Lord of the Rings: The Art of the Fellowship of the Ring by Gary Russell | Goodreads, Genre List
The Lord of the Rings: The Art of the Fellowship of the Ring by Gary Russell | Goodreads, Genre List
Dinner with Anna Karenina by Gloria Goldreich, Description
I am Charlotte Simmons by Tom Wolfe | Goodreads, coverImage
I am Charlotte Simmons by Tom Wolfe | Goodreads, Genre List
I am Charlotte Simmons by Tom Wolfe | Goodreads, Genre List
The Portrait of a Lady by Henry James | Goodreads, coverImage
The Portrait of a Lady by Henry James | Goodreads, Genre List
The Portrait of a Lady by Henry James | Goodreads, Genre List
The Ravishing of Lol Stein by Marguerite Duras | Goodreads, coverImage
The Ravishing of Lol Stein by Marguerite Duras | Goodreads, Genre List
The Ravishing of Lol Stein by Marguerite Duras | Goodreads, Genre List
Jesus the Son of Man by Kahlil Gibran, Description
100 Years of Lynchings by Ralph Ginzburg | Goodreads, coverImage
100 Years of Lynchings by Ralph Ginzburg | Goodreads, Genre List
100 Years of Lynchings by Ralph Ginzburg | Goodreads, Genre List
The Zebra Wall by Kevin Henkes | Goodreads, coverImage
The Zebra Wall by Kevin Henkes | Goodreads, Genre List
The Zebra Wall by Kevin Henkes | Goodreads, Genre List
Stranger in a Strange Land by Robert A. Heinlein, Description
Page not found, coverImage
Page not found, Genre List
Page not found, Genre List
The Crying of Lot 49 by Thomas Pynchon, Description
Been Down So Long It Looks Like Up to Me by Richard Fariña, Description
The Year of Magical Thinking by Joan Didion, Description
Democracy by Joan Didion | Goodreads, coverImage
Democracy by Joan Didion | Goodreads, Genre List
Democracy by Joan Didion | Goodreads, Genre List
Ghosts (The New York Trilogy, #2) by Paul Auster, Description
The Locked Room (The New York Trilogy, #3) by Paul Auster, Description
The Brooklyn Follies by Paul Auster | Goodreads, coverImage
The Brooklyn Follies by Paul Auster | Goodreads, Genre List
The Brooklyn Follies by Paul Auster | Goodreads, Genre List
Travels in the Scriptorium by Paul Auster | Goodreads, coverImage
Travels in the Scriptorium by Paul Auster | Goodreads, Genre List
Travels in the Scriptorium by Paul Auster | Goodreads, Genre List
Page not found, coverImage
Page not found, Genre List
Page not found, Genre List
The Coming Economic Collapse: How You Can Thrive When Oil Costs $200 a Barrel by Stephen Leeb, Description
Wizard: The Life and Times of Nikola Tesla: Biography of a Genius by Marc J.  Seifer | Goodreads, coverImage
Wizard: The Life and Times of Nikola Tesla: Biography of a Genius by Marc J.  Seifer | Goodreads, Genre List
Wizard: The Life and Times of Nikola Tesla: Biography of a Genius by Marc J.  Seifer | Goodreads, Genre List
Nikola Tesla: A Spark of Genius by Carol Dommermuth-Costa, Description
We Were Not Like Other People by Ephraim Sevela, Description
The Zen of CSS Design: Visual Enlightenment for the Web by Dave Shea, Description
Motorcycle Basics Techbook by John Harold Haynes, Description
Natural Cures "They" Don't Want You to Know about by Kevin Trudeau | Goodreads, coverImage
Natural Cures "They" Don't Want You to Know about by Kevin Trudeau | Goodreads, Genre List
Natural Cures "They" Don't Want You to Know about by Kevin Trudeau | Goodreads, Genre List
Crónica de una muerte anunciada by Gabriel García Márquez, Description
Best of London by Lonely Planet, Description
The Confusion (The Baroque Cycle, #2) by Neal Stephenson | Goodreads, coverImage
The Confusion (The Baroque Cycle, #2) by Neal Stephenson | Goodreads, Genre List
The Confusion (The Baroque Cycle, #2) by Neal Stephenson | Goodreads, Genre List
The Diamond Age: Or, a Young Lady's Illustrated Primer by Neal Stephenson | Goodreads, coverImage
The Diamond Age: Or, a Young Lady's Illustrated Primer by Neal Stephenson | Goodreads, Genre List
The Diamond Age: Or, a Young Lady's Illustrated Primer by Neal Stephenson | Goodreads, Genre List
Odalisque (The Baroque Cycle, Vol. 1, Book 3) by Neal Stephenson, Description
The Last Days of Pompeii by Edward Bulwer-Lytton, Description
Memoirs of a Geisha by Arthur Golden | Goodreads, coverImage
Memoirs of a Geisha by Arthur Golden | Goodreads, Genre List
Memoirs of a Geisha by Arthur Golden | Goodreads, Genre List
Page not found, coverImage
Page not found, Genre List
Page not found, Genre List
The Da Vinci Code (Robert Langdon, #2) by Dan Brown | Goodreads, coverImage
The Da Vinci Code (Robert Langdon, #2) by Dan Brown | Goodreads, Genre List
The Da Vinci Code (Robert Langdon, #2) by Dan Brown | Goodreads, Genre List
The Millionaire Next Door: The Surprising Secrets of America's Wealthy by Thomas J. Stanley | Goodreads, coverImage
The Millionaire Next Door: The Surprising Secrets of America's Wealthy by Thomas J. Stanley | Goodreads, Genre List
The Millionaire Next Door: The Surprising Secrets of America's Wealthy by Thomas J. Stanley | Goodreads, Genre List
Read My Lips: Sexual Subversion and the End of Gender by Riki Anne Wilchins | Goodreads, coverImage
Read My Lips: Sexual Subversion and the End of Gender by Riki Anne Wilchins | Goodreads, Genre List
Read My Lips: Sexual Subversion and the End of Gender by Riki Anne Wilchins | Goodreads, Genre List
The Power Broker: Robert Moses and the Fall of New York by Robert A. Caro | Goodreads, coverImage
The Power Broker: Robert Moses and the Fall of New York by Robert A. Caro | Goodreads, Genre List
The Power Broker: Robert Moses and the Fall of New York by Robert A. Caro | Goodreads, Genre List
Body for Life for Women: A Woman's Plan for Physical and Mental Transformation by Pamela Peeke | Goodreads, coverImage
Body for Life for Women: A Woman's Plan for Physical and Mental Transformation by Pamela Peeke | Goodreads, Genre List
Body for Life for Women: A Woman's Plan for Physical and Mental Transformation by Pamela Peeke | Goodreads, Genre List
Giada's Family Dinners by Giada De Laurentiis | Goodreads, coverImage
Giada's Family Dinners by Giada De Laurentiis | Goodreads, Genre List
Giada's Family Dinners by Giada De Laurentiis | Goodreads, Genre List
Everyday Pasta by Giada De Laurentiis, Description
The Last Assassin (John Rain, #5) by Barry Eisler | Goodreads, coverImage
The Last Assassin (John Rain, #5) by Barry Eisler | Goodreads, Genre List
The Last Assassin (John Rain, #5) by Barry Eisler | Goodreads, Genre List
Leadership in Organizations by Gary A. Yukl, Description
How to Succeed with Women by Ron  Louis, Description
Moneyball: The Art of Winning an Unfair Game by Michael   Lewis | Goodreads, coverImage
Moneyball: The Art of Winning an Unfair Game by Michael   Lewis | Goodreads, Genre List
Moneyball: The Art of Winning an Unfair Game by Michael   Lewis | Goodreads, Genre List
Gates of Fire by Steven Pressfield | Goodreads, coverImage
Gates of Fire by Steven Pressfield | Goodreads, Genre List
Gates of Fire by Steven Pressfield | Goodreads, Genre List
The Gate of Fire (Oath of Empire #2) by Thomas Harlan, Description
The War of Art: Winning the Inner Creative Battle by Steven Pressfield, Description
Page not found, coverImage
Page not found, Genre List
Page not found, Genre List
Page not found, coverImage
Page not found, Genre List
Page not found, Genre List
The History by Herodotus | Goodreads, coverImage
The History by Herodotus | Goodreads, Genre List
The History by Herodotus | Goodreads, Genre List
Page not found, coverImage
Page not found, Genre List
Page not found, Genre List
The Iliad by Homer | Goodreads, coverImage
The Iliad by Homer | Goodreads, Genre List
The Iliad by Homer | Goodreads, Genre List
The Odyssey by Homer | Goodreads, coverImage
The Odyssey by Homer | Goodreads, Genre List
The Odyssey by Homer | Goodreads, Genre List
Aeneid: Selections from Books 1, 2, 4, 6, 10, 12 by Virgil, Description
Page not found, coverImage
Page not found, Genre List
Page not found, Genre List
The Compleat Works of Wllm Shkspr by Adam Long, Description
Cliffs Notes on Shakespeare's Hamlet by Carla Lynn Stockton | Goodreads, coverImage
Cliffs Notes on Shakespeare's Hamlet by Carla Lynn Stockton | Goodreads, Genre List
Cliffs Notes on Shakespeare's Hamlet by Carla Lynn Stockton | Goodreads, Genre List
Shakespeare's Hamlet by William Shakespeare | Goodreads, coverImage
Shakespeare's Hamlet by William Shakespeare | Goodreads, Genre List
Shakespeare's Hamlet by William Shakespeare | Goodreads, Genre List
History of the Peloponnesian War: Bk. 1-2 by Thucydides | Goodreads, coverImage
History of the Peloponnesian War: Bk. 1-2 by Thucydides | Goodreads, Genre List
History of the Peloponnesian War: Bk. 1-2 by Thucydides | Goodreads, Genre List
Thucydides, Book 6 Commentary by Cynthia W. Shelmerdine, Description
Thucydides, Book 6 Commentary by Cynthia W. Shelmerdine, coverImage
Euripides V: Electra / The Phoenician Women / The Bacchae by Euripides, Description
Euripides IV: Rhesus / The Suppliant Women / Orestes / Iphigenia in Aulis by Euripides, Description
Grief Lessons: Four Plays by Euripides by Anne Carson | Goodreads, coverImage
Grief Lessons: Four Plays by Euripides by Anne Carson | Goodreads, Genre List
Grief Lessons: Four Plays by Euripides by Anne Carson | Goodreads, Genre List
Page not found, coverImage
Page not found, Genre List
Page not found, Genre List
The Bacchae and Other Plays by Euripides | Goodreads, coverImage
The Bacchae and Other Plays by Euripides | Goodreads, Genre List
The Bacchae and Other Plays by Euripides | Goodreads, Genre List
The Trojan Women and Hippolytus by Euripides | Goodreads, coverImage
The Trojan Women and Hippolytus by Euripides | Goodreads, Genre List
The Trojan Women and Hippolytus by Euripides | Goodreads, Genre List
Page not found, coverImage
Page not found, Genre List
Page not found, Genre List
Page not found, coverImage
Page not found, Genre List
Page not found, Genre List
Page not found, coverImage
Page not found, Genre List
Page not found, Genre List
Page not found, coverImage
Page not found, Genre List
Page not found, Genre List
The Oresteia by Aeschylus | Goodreads, coverImage
The Oresteia by Aeschylus | Goodreads, Genre List
The Oresteia by Aeschylus | Goodreads, Genre List
Aeschylus, 1: The Oresteia: Agamemnon/The Libation Bearers/The Eumenides by Aeschylus, Description
The Complete Greek Tragedies, Volume 1: Aeschylus by Aeschylus | Goodreads, coverImage
The Complete Greek Tragedies, Volume 1: Aeschylus by Aeschylus | Goodreads, Genre List
The Complete Greek Tragedies, Volume 1: Aeschylus by Aeschylus | Goodreads, Genre List
Aeschylus 2: The Persians/Seven Against Thebes/The Suppliants/Prometheus Bound by Aeschylus, Description
Page not found, coverImage
Page not found, Genre List
Page not found, Genre List
The Oedipus Cycle: Oedipus Rex, Oedipus at Colonus, Antigone by Sophocles, Description
Page not found, coverImage
Page not found, Genre List
Page not found, Genre List
Clouds by Aristophanes, Description
Page not found, coverImage
Page not found, Genre List
Page not found, Genre List
Page not found, coverImage
Page not found, Genre List
Page not found, Genre List
Page not found, coverImage
Page not found, Genre List
Page not found, Genre List
The Curious Incident of the Dog in the Night-Time by Mark Haddon | Goodreads, coverImage
The Curious Incident of the Dog in the Night-Time by Mark Haddon | Goodreads, Genre List
The Curious Incident of the Dog in the Night-Time by Mark Haddon | Goodreads, Genre List
On Christian Doctrine by Augustine of Hippo, Description
Page not found, coverImage
Page not found, Genre List
Page not found, Genre List
Confesiones de un chef by Anthony Bourdain, Description
Harry Potter and the Chamber of Secrets by J.K. Rowling | Goodreads, coverImage
Harry Potter and the Chamber of Secrets by J.K. Rowling | Goodreads, Genre List
Harry Potter and the Chamber of Secrets by J.K. Rowling | Goodreads, Genre List
The Hitchhiker's Guide to the Galaxy by Douglas Adams | Goodreads, coverImage
The Hitchhiker's Guide to the Galaxy by Douglas Adams | Goodreads, Genre List
The Hitchhiker's Guide to the Galaxy by Douglas Adams | Goodreads, Genre List
A Short History of Nearly Everything by Bill Bryson | Goodreads, coverImage
A Short History of Nearly Everything by Bill Bryson | Goodreads, Genre List
A Short History of Nearly Everything by Bill Bryson | Goodreads, Genre List
Bryson's Dictionary of Troublesome Words: A Writer's Guide to Getting It Right by Bill Bryson, Description
Page not found, coverImage
Page not found, Genre List
Page not found, Genre List
The Lord of the Rings (The Lord of the Rings, #1-3) by J.R.R. Tolkien | Goodreads, coverImage
The Lord of the Rings (The Lord of the Rings, #1-3) by J.R.R. Tolkien | Goodreads, Genre List
The Lord of the Rings (The Lord of the Rings, #1-3) by J.R.R. Tolkien | Goodreads, Genre List
The Known World by Edward P. Jones | Goodreads, coverImage
The Known World by Edward P. Jones | Goodreads, Genre List
The Known World by Edward P. Jones | Goodreads, Genre List
The Known World by Edward P. Jones | Goodreads, coverImage
The Known World by Edward P. Jones | Goodreads, Genre List
The Known World by Edward P. Jones | Goodreads, Genre List
The Control of Nature by John McPhee | Goodreads, coverImage
The Control of Nature by John McPhee | Goodreads, Genre List
The Control of Nature by John McPhee | Goodreads, Genre List
Coming Into the Country by John McPhee, Description
La Place de la Concorde Suisse by John McPhee | Goodreads, coverImage
La Place de la Concorde Suisse by John McPhee | Goodreads, Genre List
La Place de la Concorde Suisse by John McPhee | Goodreads, Genre List
Always Enough: God's Miraculous Provision Among the Poorest Children on Earth by Heidi Baker | Goodreads, coverImage
Always Enough: God's Miraculous Provision Among the Poorest Children on Earth by Heidi Baker | Goodreads, Genre List
Always Enough: God's Miraculous Provision Among the Poorest Children on Earth by Heidi Baker | Goodreads, Genre List
Mapping the Big Picture: Integrating Curriculum & Assessment K-12 by Heidi Hayes Jacobs | Goodreads, coverImage
Mapping the Big Picture: Integrating Curriculum & Assessment K-12 by Heidi Hayes Jacobs | Goodreads, Genre List
Mapping the Big Picture: Integrating Curriculum & Assessment K-12 by Heidi Hayes Jacobs | Goodreads, Genre List
Heidi by Johanna Spyri | Goodreads, coverImage
Heidi by Johanna Spyri | Goodreads, Genre List
Heidi by Johanna Spyri | Goodreads, Genre List
What to Expect the First Year (What to Expect) by Heidi Murkoff | Goodreads, coverImage
What to Expect the First Year (What to Expect) by Heidi Murkoff | Goodreads, Genre List
What to Expect the First Year (What to Expect) by Heidi Murkoff | Goodreads, Genre List
Heretics of Dune (Dune Chronicles, #5) by Frank Herbert | Goodreads, coverImage
Heretics of Dune (Dune Chronicles, #5) by Frank Herbert | Goodreads, Genre List
Heretics of Dune (Dune Chronicles, #5) by Frank Herbert | Goodreads, Genre List
Heretics of Dune (Dune Chronicles #5) by Frank Herbert | Goodreads, coverImage
Heretics of Dune (Dune Chronicles #5) by Frank Herbert | Goodreads, Genre List
Heretics of Dune (Dune Chronicles #5) by Frank Herbert | Goodreads, Genre List
The Power of One: One Person, One Rule, One Month by John C. Maxwell | Goodreads, coverImage
The Power of One: One Person, One Rule, One Month by John C. Maxwell | Goodreads, Genre List
The Power of One: One Person, One Rule, One Month by John C. Maxwell | Goodreads, Genre List
eBay Business All-in-One Desk Reference for Dummies by Marsha Collier | Goodreads, coverImage
eBay Business All-in-One Desk Reference for Dummies by Marsha Collier | Goodreads, Genre List
eBay Business All-in-One Desk Reference for Dummies by Marsha Collier | Goodreads, Genre List
Ruby Ann's Down Home Trailer Park Cookbook by Ruby Ann Boxcar | Goodreads, coverImage
Ruby Ann's Down Home Trailer Park Cookbook by Ruby Ann Boxcar | Goodreads, Genre List
Ruby Ann's Down Home Trailer Park Cookbook by Ruby Ann Boxcar | Goodreads, Genre List
CliffsNotes on Tolstoy's Anna Karenina by Marianne Sturman | Goodreads, coverImage
CliffsNotes on Tolstoy's Anna Karenina by Marianne Sturman | Goodreads, Genre List
CliffsNotes on Tolstoy's Anna Karenina by Marianne Sturman | Goodreads, Genre List
Dinner with Anna Karenina by Gloria Goldreich, Description
Tolstoy: Anna Karenina by Anthony Thorlby | Goodreads, coverImage
Tolstoy: Anna Karenina by Anthony Thorlby | Goodreads, Genre List
Tolstoy: Anna Karenina by Anthony Thorlby | Goodreads, Genre List
Untouchable by Mulk Raj Anand | Goodreads, coverImage
Untouchable by Mulk Raj Anand | Goodreads, Genre List
Untouchable by Mulk Raj Anand | Goodreads, Genre List
Dalit: The Black Untaouchables of India by V.T. Rajshekar | Goodreads, coverImage
Dalit: The Black Untaouchables of India by V.T. Rajshekar | Goodreads, Genre List
Dalit: The Black Untaouchables of India by V.T. Rajshekar | Goodreads, Genre List
The Long Shadow (The Morland Dynasty, #6) by Cynthia Harrod-Eagles | Goodreads, coverImage
The Long Shadow (The Morland Dynasty, #6) by Cynthia Harrod-Eagles | Goodreads, Genre List
The Long Shadow (The Morland Dynasty, #6) by Cynthia Harrod-Eagles | Goodreads, Genre List
New Hope for the Dead (Hoke Mosely #2) by Charles Willeford | Goodreads, coverImage
New Hope for the Dead (Hoke Mosely #2) by Charles Willeford | Goodreads, Genre List
New Hope for the Dead (Hoke Mosely #2) by Charles Willeford | Goodreads, Genre List
I am Charlotte Simmons by Tom Wolfe | Goodreads, coverImage
I am Charlotte Simmons by Tom Wolfe | Goodreads, Genre List
I am Charlotte Simmons by Tom Wolfe | Goodreads, Genre List
The Puffin Book of Nonsense Verse by Quentin Blake | Goodreads, coverImage
The Puffin Book of Nonsense Verse by Quentin Blake | Goodreads, Genre List
The Puffin Book of Nonsense Verse by Quentin Blake | Goodreads, Genre List
Quiet Days in Clichy by Henry Miller | Goodreads, coverImage
Quiet Days in Clichy by Henry Miller | Goodreads, Genre List
Quiet Days in Clichy by Henry Miller | Goodreads, Genre List
Tropic of Capricorn (Tropic, #2) by Henry Miller | Goodreads, coverImage
Tropic of Capricorn (Tropic, #2) by Henry Miller | Goodreads, Genre List
Tropic of Capricorn (Tropic, #2) by Henry Miller | Goodreads, Genre List
The Portrait of a Lady by Henry James | Goodreads, coverImage
The Portrait of a Lady by Henry James | Goodreads, Genre List
The Portrait of a Lady by Henry James | Goodreads, Genre List
Love Letters by Kahlil Gibran | Goodreads, coverImage
Love Letters by Kahlil Gibran | Goodreads, Genre List
Love Letters by Kahlil Gibran | Goodreads, Genre List
Jesus the Son of Man by Kahlil Gibran, Description
Treasure Island by Robert Louis Stevenson | Goodreads, coverImage
Treasure Island by Robert Louis Stevenson | Goodreads, Genre List
Treasure Island by Robert Louis Stevenson | Goodreads, Genre List
Treasure Island (Great Illustrated Classics) by Deidre S. Laiken | Goodreads, coverImage
Treasure Island (Great Illustrated Classics) by Deidre S. Laiken | Goodreads, Genre List
Treasure Island (Great Illustrated Classics) by Deidre S. Laiken | Goodreads, Genre List
100 Years of Lynchings by Ralph Ginzburg, Description
The Zebra Wall by Kevin Henkes | Goodreads, coverImage
The Zebra Wall by Kevin Henkes | Goodreads, Genre List
The Zebra Wall by Kevin Henkes | Goodreads, Genre List
Stranger in a Strange Land by Robert A. Heinlein, Description
Job: A Comedy of Justice by Robert A. Heinlein | Goodreads, coverImage
Job: A Comedy of Justice by Robert A. Heinlein | Goodreads, Genre List
Job: A Comedy of Justice by Robert A. Heinlein | Goodreads, Genre List
Douglas Adams's Starship Titanic by Terry Jones | Goodreads, coverImage
Douglas Adams's Starship Titanic by Terry Jones | Goodreads, Genre List
Douglas Adams's Starship Titanic by Terry Jones | Goodreads, Genre List
Salmon of Doubt: Hitchhiking the Galaxy One Last Time by Douglas Adams | Goodreads, coverImage
Salmon of Doubt: Hitchhiking the Galaxy One Last Time by Douglas Adams | Goodreads, Genre List
Salmon of Doubt: Hitchhiking the Galaxy One Last Time by Douglas Adams | Goodreads, Genre List
Another Bullshit Night in Suck City by Nick Flynn | Goodreads, coverImage
Another Bullshit Night in Suck City by Nick Flynn | Goodreads, Genre List
Another Bullshit Night in Suck City by Nick Flynn | Goodreads, Genre List
The Gettysburg Address by Abraham Lincoln | Goodreads, coverImage
The Gettysburg Address by Abraham Lincoln | Goodreads, Genre List
The Gettysburg Address by Abraham Lincoln | Goodreads, Genre List
Libra by Don DeLillo | Goodreads, coverImage
Libra by Don DeLillo | Goodreads, Genre List
Libra by Don DeLillo | Goodreads, Genre List
Cosmopolis by Don DeLillo | Goodreads, coverImage
Cosmopolis by Don DeLillo | Goodreads, Genre List
Cosmopolis by Don DeLillo | Goodreads, Genre List
Page not found, coverImage
Page not found, Genre List
Page not found, Genre List
The Crying of Lot 49 by Thomas Pynchon, Description
Been Down So Long It Looks Like Up to Me by Richard Fariña | Goodreads, coverImage
Been Down So Long It Looks Like Up to Me by Richard Fariña | Goodreads, Genre List
Been Down So Long It Looks Like Up to Me by Richard Fariña | Goodreads, Genre List
The Year of Magical Thinking by Joan Didion, Description
Where I Was From by Joan Didion | Goodreads, coverImage
Where I Was From by Joan Didion | Goodreads, Genre List
Where I Was From by Joan Didion | Goodreads, Genre List
Slouching Towards Bethlehem by Joan Didion | Goodreads, coverImage
Slouching Towards Bethlehem by Joan Didion | Goodreads, Genre List
Slouching Towards Bethlehem by Joan Didion | Goodreads, Genre List
The New York Trilogy by Paul Auster | Goodreads, coverImage
The New York Trilogy by Paul Auster | Goodreads, Genre List
The New York Trilogy by Paul Auster | Goodreads, Genre List
Ghosts (The New York Trilogy, #2) by Paul Auster, Description
The Locked Room (The New York Trilogy, #3) by Paul Auster, Description
Page not found, coverImage
Page not found, Genre List
Page not found, Genre List
The Coming Economic Collapse: How You Can Thrive When Oil Costs $200 a Barrel by Stephen Leeb | Goodreads, coverImage
The Coming Economic Collapse: How You Can Thrive When Oil Costs $200 a Barrel by Stephen Leeb | Goodreads, Genre List
The Coming Economic Collapse: How You Can Thrive When Oil Costs $200 a Barrel by Stephen Leeb | Goodreads, Genre List
Nikola Tesla: A Spark of Genius by Carol Dommermuth-Costa, Description
We Were Not Like Other People by Ephraim Sevela, Description
The Zen of CSS Design: Visual Enlightenment for the Web by Dave Shea, Description
Zen and the Art of Motorcycle Maintenance: An Inquiry Into Values by Robert M. Pirsig | Goodreads, coverImage
Zen and the Art of Motorcycle Maintenance: An Inquiry Into Values by Robert M. Pirsig | Goodreads, Genre List
Zen and the Art of Motorcycle Maintenance: An Inquiry Into Values by Robert M. Pirsig | Goodreads, Genre List
Motorcycle Basics Techbook by John Harold Haynes, Description
The Death of Ivan Ilych and Other Stories by Leo Tolstoy | Goodreads, coverImage
The Death of Ivan Ilych and Other Stories by Leo Tolstoy | Goodreads, Genre List
The Death of Ivan Ilych and Other Stories by Leo Tolstoy | Goodreads, Genre List
For the New Intellectual: The Philosophy of Ayn Rand by Ayn Rand | Goodreads, coverImage
For the New Intellectual: The Philosophy of Ayn Rand by Ayn Rand | Goodreads, Genre List
For the New Intellectual: The Philosophy of Ayn Rand by Ayn Rand | Goodreads, Genre List
Crónica de una muerte anunciada by Gabriel García Márquez, Description
Best of London by Lonely Planet, Description
Quicksilver (The Baroque Cycle, #1) by Neal Stephenson | Goodreads, coverImage
Quicksilver (The Baroque Cycle, #1) by Neal Stephenson | Goodreads, Genre List
Quicksilver (The Baroque Cycle, #1) by Neal Stephenson | Goodreads, Genre List
Odalisque (The Baroque Cycle, Vol. 1, Book 3) by Neal Stephenson, Description
Harrington on Hold 'em: Expert Strategy for No-Limit Tournaments, Volume I: Strategic Play by Dan Harrington | Goodreads, coverImage
Harrington on Hold 'em: Expert Strategy for No-Limit Tournaments, Volume I: Strategic Play by Dan Harrington | Goodreads, Genre List
Harrington on Hold 'em: Expert Strategy for No-Limit Tournaments, Volume I: Strategic Play by Dan Harrington | Goodreads, Genre List
The Alchemist by Paulo Coelho | Goodreads, coverImage
The Alchemist by Paulo Coelho | Goodreads, Genre List
The Alchemist by Paulo Coelho | Goodreads, Genre List
Fullmetal Alchemist, Vol. 9 by Hiromu Arakawa | Goodreads, coverImage
Fullmetal Alchemist, Vol. 9 by Hiromu Arakawa | Goodreads, Genre List
Fullmetal Alchemist, Vol. 9 by Hiromu Arakawa | Goodreads, Genre List
Pompeii by Robert   Harris | Goodreads, coverImage
Pompeii by Robert   Harris | Goodreads, Genre List
Pompeii by Robert   Harris | Goodreads, Genre List
The Last Days of Pompeii by Edward Bulwer-Lytton, Description
Of Mice and Men by John Steinbeck | Goodreads, coverImage
Of Mice and Men by John Steinbeck | Goodreads, Genre List
Of Mice and Men by John Steinbeck | Goodreads, Genre List
Page not found, coverImage
Page not found, Genre List
Page not found, Genre List
Angels & Demons (Robert Langdon, #1) by Dan Brown | Goodreads, coverImage
Angels & Demons (Robert Langdon, #1) by Dan Brown | Goodreads, Genre List
Angels & Demons (Robert Langdon, #1) by Dan Brown | Goodreads, Genre List
Think and Grow Rich by Napoleon Hill | Goodreads, coverImage
Think and Grow Rich by Napoleon Hill | Goodreads, Genre List
Think and Grow Rich by Napoleon Hill | Goodreads, Genre List
Shibumi by Trevanian | Goodreads, coverImage
Shibumi by Trevanian | Goodreads, Genre List
Shibumi by Trevanian | Goodreads, Genre List
Everyday Pasta by Giada De Laurentiis, Description
Freakonomics: A Rogue Economist Explores the Hidden Side of Everything by Steven D. Levitt | Goodreads, coverImage
Freakonomics: A Rogue Economist Explores the Hidden Side of Everything by Steven D. Levitt | Goodreads, Genre List
Freakonomics: A Rogue Economist Explores the Hidden Side of Everything by Steven D. Levitt | Goodreads, Genre List
Life of Pi by Yann Martel | Goodreads, coverImage
Life of Pi by Yann Martel | Goodreads, Genre List
Life of Pi by Yann Martel | Goodreads, Genre List
L'Histoire de Pi by Yann Martel | Goodreads, coverImage
L'Histoire de Pi by Yann Martel | Goodreads, Genre List
L'Histoire de Pi by Yann Martel | Goodreads, Genre List
A Million Little Pieces by James Frey | Goodreads, coverImage
A Million Little Pieces by James Frey | Goodreads, Genre List
A Million Little Pieces by James Frey | Goodreads, Genre List
The Leadership Challenge by James M. Kouzes | Goodreads, coverImage
The Leadership Challenge by James M. Kouzes | Goodreads, Genre List
The Leadership Challenge by James M. Kouzes | Goodreads, Genre List
Leadership in Organizations by Gary A. Yukl, Description
Mars and Venus Book of Days: 365 Inspriations to Enrich Your Relationships by John  Gray | Goodreads, coverImage
Mars and Venus Book of Days: 365 Inspriations to Enrich Your Relationships by John  Gray | Goodreads, Genre List
Mars and Venus Book of Days: 365 Inspriations to Enrich Your Relationships by John  Gray | Goodreads, Genre List
Men Are from Mars, Women Are from Venus by John  Gray | Goodreads, coverImage
Men Are from Mars, Women Are from Venus by John  Gray | Goodreads, Genre List
Men Are from Mars, Women Are from Venus by John  Gray | Goodreads, Genre List
How to Succeed with Women by Ron  Louis, Description
Gates of Fire by Steven Pressfield | Goodreads, coverImage
Gates of Fire by Steven Pressfield | Goodreads, Genre List
Gates of Fire by Steven Pressfield | Goodreads, Genre List
The Gate of Fire (Oath of Empire #2) by Thomas Harlan, Description
The Afghan Campaign by Steven Pressfield | Goodreads, coverImage
The Afghan Campaign by Steven Pressfield | Goodreads, Genre List
The Afghan Campaign by Steven Pressfield | Goodreads, Genre List
Tides of War by Steven Pressfield | Goodreads, coverImage
Tides of War by Steven Pressfield | Goodreads, Genre List
Tides of War by Steven Pressfield | Goodreads, Genre List
The War of Art: Winning the Inner Creative Battle by Steven Pressfield, Description
Blood Stripes: The Grunt's View of the War in Iraq by David J. Danelo | Goodreads, coverImage
Blood Stripes: The Grunt's View of the War in Iraq by David J. Danelo | Goodreads, Genre List
Blood Stripes: The Grunt's View of the War in Iraq by David J. Danelo | Goodreads, Genre List
Phaedrus by Plato | Goodreads, coverImage
Phaedrus by Plato | Goodreads, Genre List
Phaedrus by Plato | Goodreads, Genre List
Page not found, coverImage
Page not found, Genre List
Page not found, Genre List
Enthusiasm and Divine Madness by Josef Pieper | Goodreads, coverImage
Enthusiasm and Divine Madness by Josef Pieper | Goodreads, Genre List
Enthusiasm and Divine Madness by Josef Pieper | Goodreads, Genre List
Page not found, coverImage
Page not found, Genre List
Page not found, Genre List
The Histories by Herodotus | Goodreads, coverImage
The Histories by Herodotus | Goodreads, Genre List
The Histories by Herodotus | Goodreads, Genre List
The Histories by Herodotus | Goodreads, coverImage
The Histories by Herodotus | Goodreads, Genre List
The Histories by Herodotus | Goodreads, Genre List
The Histories by Herodotus | Goodreads, coverImage
The Histories by Herodotus | Goodreads, Genre List
The Histories by Herodotus | Goodreads, Genre List
The Iliad by Homer | Goodreads, coverImage
The Iliad by Homer | Goodreads, Genre List
The Iliad by Homer | Goodreads, Genre List
Page not found, coverImage
Page not found, Genre List
Page not found, Genre List
The Iliad by Homer | Goodreads, coverImage
The Iliad by Homer | Goodreads, Genre List
The Iliad by Homer | Goodreads, Genre List
The Odyssey by Homer | Goodreads, coverImage
The Odyssey by Homer | Goodreads, Genre List
The Odyssey by Homer | Goodreads, Genre List
The Odyssey by Homer | Goodreads, coverImage
The Odyssey by Homer | Goodreads, Genre List
The Odyssey by Homer | Goodreads, Genre List
Aeneid: Selections from Books 1, 2, 4, 6, 10, 12 by Virgil, Description
Page not found, coverImage
Page not found, Genre List
Page not found, Genre List
The Compleat Works of Wllm Shkspr by Adam Long, Description
By the River Piedra I Sat Down and Wept by Paulo Coelho | Goodreads, coverImage
By the River Piedra I Sat Down and Wept by Paulo Coelho | Goodreads, Genre List
By the River Piedra I Sat Down and Wept by Paulo Coelho | Goodreads, Genre List
History of the Peloponnesian War, Bk. 7-8 by Thucydides | Goodreads, coverImage
History of the Peloponnesian War, Bk. 7-8 by Thucydides | Goodreads, Genre List
History of the Peloponnesian War, Bk. 7-8 by Thucydides | Goodreads, Genre List
Thucydides, Book 6 Commentary by Cynthia W. Shelmerdine, Description
Thucydides, Book 6 Commentary by Cynthia W. Shelmerdine, coverImage
Euripides V: Electra / The Phoenician Women / The Bacchae by Euripides | Goodreads, coverImage
Euripides V: Electra / The Phoenician Women / The Bacchae by Euripides | Goodreads, Genre List
Euripides V: Electra / The Phoenician Women / The Bacchae by Euripides | Goodreads, Genre List
Euripides IV: Rhesus / The Suppliant Women / Orestes / Iphigenia in Aulis by Euripides | Goodreads, coverImage
Euripides IV: Rhesus / The Suppliant Women / Orestes / Iphigenia in Aulis by Euripides | Goodreads, Genre List
Euripides IV: Rhesus / The Suppliant Women / Orestes / Iphigenia in Aulis by Euripides | Goodreads, Genre List
Grief Lessons: Four Plays by Euripides by Anne Carson, Description
Ten Plays by Euripides | Goodreads, coverImage
Ten Plays by Euripides | Goodreads, Genre List
Ten Plays by Euripides | Goodreads, Genre List
Euripides II: The Cyclops / Heracles / Iphigenia in Tauris / Helen by Euripides | Goodreads, coverImage
Euripides II: The Cyclops / Heracles / Iphigenia in Tauris / Helen by Euripides | Goodreads, Genre List
Euripides II: The Cyclops / Heracles / Iphigenia in Tauris / Helen by Euripides | Goodreads, Genre List
Page not found, coverImage
Page not found, Genre List
Page not found, Genre List
The Bacchae and Other Plays by Euripides | Goodreads, coverImage
The Bacchae and Other Plays by Euripides | Goodreads, Genre List
The Bacchae and Other Plays by Euripides | Goodreads, Genre List
The Trojan Women and Hippolytus by Euripides | Goodreads, coverImage
The Trojan Women and Hippolytus by Euripides | Goodreads, Genre List
The Trojan Women and Hippolytus by Euripides | Goodreads, Genre List
The Bacchae of Euripides: A Communion Rite by Wole Soyinka | Goodreads, coverImage
The Bacchae of Euripides: A Communion Rite by Wole Soyinka | Goodreads, Genre List
The Bacchae of Euripides: A Communion Rite by Wole Soyinka | Goodreads, Genre List
Page not found, coverImage
Page not found, Genre List
Page not found, Genre List
Page not found, coverImage
Page not found, Genre List
Page not found, Genre List
Page not found, coverImage
Page not found, Genre List
Page not found, Genre List
Page not found, coverImage
Page not found, Genre List
Page not found, Genre List
